{
  "dim": 64,
  "bits": 2,
  "centroids": [
    -0.18754746027351538,
    -0.056516206627721804,
    0.056572749936850575,
    0.1875953957564314
  ],
  "boundaries": [
    -1.0,
    -0.12203183345061859,
    2.8271654564385185e-05,
    0.12208407284664098,
    1.0
  ],
  "masses": [
    0.16634862273894435,
    0.3335295705071861,
    0.3334588744578128,
    0.16622687216890097
  ],
  "mse_cost": 0.0017878066697270818,
  "grid_resolution": 32769,
  "iterations": 16
}