{
  "dim": 8,
  "bits": 1,
  "centroids": [
    -0.2910623678630097,
    0.29102618102132666
  ],
  "boundaries": [
    -1.0,
    -1.80934208415251e-05,
    1.0
  ],
  "masses": [
    0.49996891311765373,
    0.5000310868823462
  ],
  "mse_cost": 0.04029849685308251,
  "grid_resolution": 32769,
  "iterations": 3
}