{
  "dim": 384,
  "bits": 1,
  "centroids": [
    -0.04074338813129698,
    0.04074338813129698
  ],
  "boundaries": [
    -1.0,
    0.0,
    1.0
  ],
  "masses": [
    0.5,
    0.5
  ],
  "mse_cost": 0.0009441429902491558,
  "grid_resolution": 32769,
  "iterations": 2
}