{
  "dim": 384,
  "bits": 3,
  "centroids": [
    -0.10975476387552312,
    -0.06872105478928037,
    -0.03872508655517466,
    -0.012552180034284188,
    0.012611952566919571,
    0.038784622064779846,
    0.06875968924371745,
    0.1097547638755231
  ],
  "boundaries": [
    -1.0,
    -0.08923790933240175,
    -0.053723070672227514,
    -0.025638633294729426,
    2.988626631769166e-05,
    0.025698287315849708,
    0.05377215565424864,
    0.08925722655962028,
    1.0
  ],
  "masses": [
    0.04015244767817323,
    0.10635244690820937,
    0.16136651457970805,
    0.19236689613482816,
    0.19231060190601612,
    0.16122090629220842,
    0.1060777388226835,
    0.04015244767817322
  ],
  "mse_cost": 8.90386887332243e-05,
  "grid_resolution": 32769,
  "iterations": 35
}