{
  "dim": 16,
  "bits": 3,
  "centroids": [
    -0.4994353123276739,
    -0.3219961417870897,
    -0.18388788034451617,
    -0.06002349245533874,
    0.05996344584666014,
    0.1838280901616907,
    0.32193731068360926,
    0.49938653992190857
  ],
  "boundaries": [
    -1.0,
    -0.4107157270573818,
    -0.25294201106580294,
    -0.12195568639992746,
    -3.002330433929737e-05,
    0.12189576800417541,
    0.25288270042265,
    0.4106619253027589,
    1.0
  ],
  "masses": [
    0.05074710733693473,
    0.11290963690129888,
    0.15682804391425145,
    0.17946883380997783,
    0.179477440217955,
    0.15685183475880418,
    0.11294207642757727,
    0.050775026633200694
  ],
  "mse_cost": 0.0018782697561084923,
  "grid_resolution": 32769,
  "iterations": 49
}