{
  "dim": 64,
  "bits": 1,
  "centroids": [
    -0.10012590621666131,
    0.10012590621666131
  ],
  "boundaries": [
    -1.0,
    0.0,
    1.0
  ],
  "masses": [
    0.49999999999999994,
    0.49999999999999994
  ],
  "mse_cost": 0.005599802904292342,
  "grid_resolution": 32769,
  "iterations": 2
}