{
  "dim": 16,
  "bits": 1,
  "centroids": [
    -0.20261030112471287,
    0.20261030112471287
  ],
  "boundaries": [
    -1.0,
    0.0,
    1.0
  ],
  "masses": [
    0.5,
    0.5
  ],
  "mse_cost": 0.02144906587815318,
  "grid_resolution": 32769,
  "iterations": 2
}